Banners,
Upload new banner,
ID,
Image,
Attached,
Position,
Active,
Product,
Type single ProductID here,
Category,
Not chosen,
Yes,
Activate,
Deactivate,
Yes,
No,
Nothing selected,
Orders,
Products,
Filters,
Content,
Catalog,
Shops,
Banners,
Users,
Managers,
Clients,
Config,
Exit,
Orders,
All,
Deleted,
New,
Sent,
Delivered,
Date from,
Date to,
Apply filter,
ID,
Date,
Client name,
Client email,
Cost,
Status,
Order,
Payment,
Yes,
No,
Nothing selected,
Orders,
Products,
Filters,
Content,
Catalog,
Shops,
Banners,
Users,
Managers,
Clients,
Config,
Exit,
Products,
Add new product,
All categories,
Find by ID or Name,
Apply filter,
ID,
Product name,
Category,
Price,
Available,
Status,
Yes,
In stock,
Edit,
Remove,
Yes,
In stock,
Edit,
Remove,
Yes,
In stock,
Edit,
Remove,
Yes,
In stock,
Edit,
Remove,
Yes,
In stock,
Edit,
Remove,
Yes,
In stock,
Edit,
Remove,
Yes,
In stock,
Edit,
Remove,
Yes,
In stock,
Edit,
Remove,
Yes,
In stock,
Edit,
Remove,
Yes,
In stock,
Edit,
Remove,
Yes,
In stock,
Edit,
Remove,
Yes,
In stock,
Edit,
Remove,
Yes,
In stock,
Edit,
Remove,
Yes,
In stock,
Edit,
Remove,
Yes,
In stock,
Edit,
Remove,
Yes,
In stock,
Edit,
Remove,
Yes,
In stock,
Edit,
Remove,
Yes,
In stock,
Edit,
Remove,
Yes,
In stock,
Edit,
Remove,
Yes,
In stock,
Edit,
Remove,
Yes,
No,
Nothing selected,
Orders,
Products,
Filters,
Content,
Catalog,
Shops,
Banners,
Users,
Managers,
Clients,
Config,
Exit,
Edit,
Name,
Code,
Must be unique!,
Price,
Available,
Status,
Out of stock,
In stock,
New,
Sale,
Action,
Categories,
Intro,
Images,
Upload images,
Description,
Save,
Are you sure?,
Invalid format,
Yes,
No,
Nothing selected,
Orders,
Products,
Filters,
Content,
Catalog,
Shops,
Banners,
Users,
Managers,
Clients,
Config,
Exit,
Set as cover,
Delete,
Filters,
Add new filter,
All categories,
Apply filter,
ID,
Title,
Linked categories,
Description,
Type,
OR,
Edit,
Numeric,
Edit,
Yes,
No,
Nothing selected,
Orders,
Products,
Filters,
Content,
Catalog,
Shops,
Banners,
Users,
Managers,
Clients,
Config,
Exit,
Add new filter,
Name,
Description,
Type,
Numeric,
OR,
AND,
Attached to next categories,
Save,
Yes,
No,
Nothing selected,
Orders,
Products,
Filters,
Content,
Catalog,
Shops,
Banners,
Users,
Managers,
Clients,
Config,
Exit,
Banners,
Add new banner,
ID,
Image,
Attached,
Position,
Active,
Product,
Type single ProductID here,
Category,
Not chosen,
Yes,
Activate,
Deactivate,
Add new banner,
Name,
Save,
Cancel,
Yes,
No,
Nothing selected,
Orders,
Products,
Filters,
Content,
Catalog,
Shops,
Banners,
Users,
Managers,
Clients,
Config,
Exit,
Banners,
Add new banner,
ID,
Image,
Attached,
Position,
Active,
Product,
Type single ProductID here,
Category,
Not chosen,
Yes,
Activate,
Deactivate,
Add new banner,
Image,
Attachment,
Product,
Type single ProductID here,
Category,
Not chosen,
Position,
Active,
Save,
Cancel,
Yes,
No,
Nothing selected,
Orders,
Products,
Filters,
Content,
Catalog,
Shops,
Banners,
Users,
Managers,
Clients,
Config,
Exit,
Banners,
Add new banner,
ID,
Image,
Attached,
Position,
Active,
Product,
Type single ProductID here,
Category,
Not chosen,
Yes,
Activate,
Deactivate,
Add new banner,
Image,
Attachment,
Product,
Type single ProductID here,
Category,
Not chosen,
Position,
Active,
Save,
Cancel,
Yes,
No,
Nothing selected,
Orders,
Products,
Filters,
Content,
Catalog,
Shops,
Banners,
Users,
Managers,
Clients,
Config,
Exit,
Banners,
Add new banner,
ID,
Image,
Attached,
Position,
Active,
Product,
Type single ProductID here,
Category,
Not chosen,
Yes,
Activate,
Deactivate,
Add new banner,
Image,
Attachment,
Product,
Type single ProductID here,
Category,
Not chosen,
Position,
Active,
Save,
Cancel,
Yes,
No,
Nothing selected,
Orders,
Products,
Filters,
Content,
Catalog,
Shops,
Banners,
Users,
Managers,
Clients,
Config,
Exit,
Banners,
Add new banner,
ID,
Image,
Attached,
Position,
Active,
Product,
Type single ProductID here,
Category,
Not chosen,
Yes,
Activate,
Deactivate,
Add new banner,
Image,
Attachment,
Product,
Type single ProductID here,
Category,
Not chosen,
Position,
Active,
Save,
Cancel,
Yes,
No,
Nothing selected,
Orders,
Products,
Filters,
Content,
Catalog,
Shops,
Banners,
Users,
Managers,
Clients,
Config,
Exit,
Banners,
Add new banner,
ID,
Image,
Attached,
Position,
Active,
Product,
Type single ProductID here,
Category,
Not chosen,
Yes,
Activate,
Deactivate,
Add new banner,
Image,
Attachment,
Product,
Type single ProductID here,
Category,
Not chosen,
Position,
Active,
Save,
Cancel,
Yes,
No,
Nothing selected,
Orders,
Products,
Filters,
Content,
Catalog,
Shops,
Banners,
Users,
Managers,
Clients,
Config,
Exit,
Banners,
Add new banner,
ID,
Image,
Attached,
Position,
Active,
Product,
Type single ProductID here,
Category,
Not chosen,
Yes,
Activate,
Deactivate,
Add new banner,
Image,
Attachment,
Product,
Type single ProductID here,
Category,
Not chosen,
Position,
Active,
Save,
Cancel,
Yes,
No,
Nothing selected,
Orders,
Products,
Filters,
Content,
Catalog,
Shops,
Banners,
Users,
Managers,
Clients,
Config,
Exit,
Banners,
Add new banner,
ID,
Image,
Attached,
Position,
Active,
Product,
Type single ProductID here,
Category,
Not chosen,
Yes,
Activate,
Deactivate,
Add new banner,
Image,
Attachment,
Product,
Type single ProductID here,
Category,
Not chosen,
Position,
Active,
Save,
Cancel,
Yes,
No,
Nothing selected,
Orders,
Products,
Filters,
Content,
Catalog,
Shops,
Banners,
Users,
Managers,
Clients,
Config,
Exit,
Banners,
Add new banner,
ID,
Image,
Attached,
Position,
Active,
Product,
Type single ProductID here,
Category,
Not chosen,
Yes,
Activate,
Deactivate,
Add new banner,
Image,
Attachment,
Product,
Type single ProductID here,
Category,
Not chosen,
Position,
Active,
Save,
Cancel,
Yes,
No,
Nothing selected,
Orders,
Products,
Filters,
Content,
Catalog,
Shops,
Banners,
Users,
Managers,
Clients,
Config,
Exit,
Banners,
Add new banner,
ID,
Image,
Attached,
Position,
Active,
Product,
Type single ProductID here,
Category,
Not chosen,
Yes,
Activate,
Deactivate,
Add new banner,
Image,
Attachment,
Product,
Type single ProductID here,
Category,
Not chosen,
Position,
Active,
Save,
Cancel,
Yes,
No,
Nothing selected,
Orders,
Products,
Filters,
Content,
Catalog,
Shops,
Banners,
Users,
Managers,
Clients,
Config,
Exit,
Banners,
Add new banner,
ID,
Image,
Attached,
Position,
Active,
Product,
Type single ProductID here,
Category,
Not chosen,
Yes,
Activate,
Deactivate,
Add new banner,
Image,
Attachment,
Product,
Type single ProductID here,
Category,
Not chosen,
Position,
Active,
Save,
Cancel,
Yes,
No,
Nothing selected,
Orders,
Products,
Filters,
Content,
Catalog,
Shops,
Banners,
Users,
Managers,
Clients,
Config,
Exit,
Banners,
Add new banner,
ID,
Image,
Attached,
Position,
Active,
Product,
Type single ProductID here,
Category,
Not chosen,
Yes,
Activate,
Deactivate,
Add new banner,
Image,
Attachment,
Product,
Type single ProductID here,
Category,
Not chosen,
Position,
Active,
Save,
Cancel,
Yes,
No,
Nothing selected,
Orders,
Products,
Filters,
Content,
Catalog,
Shops,
Banners,
Users,
Managers,
Clients,
Config,
Exit,
Banners,
Add new banner,
ID,
Image,
Attached,
Position,
Active,
Product,
Type single ProductID here,
Category,
Not chosen,
Yes,
Activate,
Deactivate,
Add new banner,
Image,
Attachment,
Product,
Type single ProductID here,
Category,
Not chosen,
Position,
Active,
Save,
Cancel,
Yes,
No,
Nothing selected,
Orders,
Products,
Filters,
Content,
Catalog,
Shops,
Banners,
Users,
Managers,
Clients,
Config,
Exit,
Banners,
Add new banner,
ID,
Image,
Attached,
Position,
Active,
Product,
Type single ProductID here,
Category,
Not chosen,
Yes,
Activate,
Deactivate,
Add new banner,
Image,
Attachment,
Product,
Type single ProductID here,
Category,
Not chosen,
Position,
Active,
Save,
Cancel,
Yes,
No,
Nothing selected,
Orders,
Products,
Filters,
Content,
Catalog,
Shops,
Banners,
Users,
Managers,
Clients,
Config,
Exit,
Banners,
Add new banner,
ID,
Image,
Attached,
Position,
Active,
Product,
Type single ProductID here,
Category,
Not chosen,
Yes,
Activate,
Deactivate,
Add new banner,
Image,
Attachment,
Product,
Type single ProductID here,
Category,
Not chosen,
Position,
Active,
Save,
Cancel,
Yes,
No,
Nothing selected,
Orders,
Products,
Filters,
Content,
Catalog,
Shops,
Banners,
Users,
Managers,
Clients,
Config,
Exit,
Banners,
Add new banner,
ID,
Image,
Attached,
Position,
Active,
Product,
Type single ProductID here,
Category,
Not chosen,
Yes,
Activate,
Deactivate,
Add new banner,
Image,
Attachment,
Product,
Type single ProductID here,
Category,
Not chosen,
Position,
Active,
Save,
Cancel,
Yes,
No,
Nothing selected,
Orders,
Products,
Filters,
Content,
Catalog,
Shops,
Banners,
Users,
Managers,
Clients,
Config,
Exit,
Invalid image format (jpg, png only allowed),
Banners,
Add new banner,
ID,
Image,
Attached,
Position,
Active,
Product,
Type single ProductID here,
Category,
Not chosen,
Yes,
Activate,
Deactivate,
Add new banner,
Image,
Attachment,
Product,
Type single ProductID here,
Category,
Not chosen,
Position,
Active,
Save,
Cancel,
Yes,
No,
Nothing selected,
Orders,
Products,
Filters,
Content,
Catalog,
Shops,
Banners,
Users,
Managers,
Clients,
Config,
Exit,
Banners,
Add new banner,
ID,
Image,
Attached,
Position,
Active,
Product,
Type single ProductID here,
Category,
Not chosen,
Yes,
Activate,
Deactivate,
Add new banner,
Image,
Attachment,
Product,
Type single ProductID here,
Category,
Not chosen,
Position,
Active,
Save,
Cancel,
Yes,
No,
Nothing selected,
Orders,
Products,
Filters,
Content,
Catalog,
Shops,
Banners,
Users,
Managers,
Clients,
Config,
Exit,
Banners,
Add new banner,
ID,
Image,
Attached,
Position,
Active,
Product,
Type single ProductID here,
Category,
Not chosen,
Yes,
Activate,
Deactivate,
Add new banner,
Image,
Attachment,
Product,
Type single ProductID here,
Category,
Not chosen,
Position,
Active,
Save,
Cancel,
Yes,
No,
Nothing selected,
Orders,
Products,
Filters,
Content,
Catalog,
Shops,
Banners,
Users,
Managers,
Clients,
Config,
Exit,
Invalid image format (jpg, png only allowed),
Banners,
Add new banner,
ID,
Image,
Attached,
Position,
Active,
Product,
Type single ProductID here,
Category,
Not chosen,
Yes,
Activate,
Deactivate,
Add new banner,
Image,
Attachment,
Product,
Type single ProductID here,
Category,
Not chosen,
Position,
Active,
Save,
Cancel,
Yes,
No,
Nothing selected,
Orders,
Products,
Filters,
Content,
Catalog,
Shops,
Banners,
Users,
Managers,
Clients,
Config,
Exit,
Banners,
Add new banner,
ID,
Image,
Attached,
Position,
Active,
Product,
Type single ProductID here,
Category,
Not chosen,
Yes,
Activate,
Deactivate,
Add new banner,
Image,
Attachment,
Product,
Type single ProductID here,
Category,
Not chosen,
Position,
Active,
Save,
Cancel,
Yes,
No,
Nothing selected,
Orders,
Products,
Filters,
Content,
Catalog,
Shops,
Banners,
Users,
Managers,
Clients,
Config,
Exit,
Banner successfully uploaded,
Banners,
Add new banner,
ID,
Image,
Attached,
Position,
Active,
Product,
Type single ProductID here,
Category,
Not chosen,
Yes,
Activate,
Deactivate,
Product,
Type single ProductID here,
Category,
Not chosen,
Yes,
Activate,
Deactivate,
Add new banner,
Image,
Attachment,
Product,
Type single ProductID here,
Category,
Not chosen,
Position,
Active,
Save,
Cancel,
Yes,
No,
Nothing selected,
Orders,
Products,
Filters,
Content,
Catalog,
Shops,
Banners,
Users,
Managers,
Clients,
Config,
Exit,
Invalid image format (jpg, png only allowed),
Banners,
Add new banner,
ID,
Image,
Attached,
Position,
Active,
Product,
Type single ProductID here,
Category,
Not chosen,
Yes,
Activate,
Deactivate,
Product,
Type single ProductID here,
Category,
Not chosen,
Yes,
Activate,
Deactivate,
Add new banner,
Image,
Attachment,
Product,
Type single ProductID here,
Category,
Not chosen,
Position,
Active,
Save,
Cancel,
Yes,
No,
Nothing selected,
Orders,
Products,
Filters,
Content,
Catalog,
Shops,
Banners,
Users,
Managers,
Clients,
Config,
Exit,
Banner successfully uploaded,
Banners,
Add new banner,
ID,
Image,
Attached,
Position,
Active,
Product,
Type single ProductID here,
Category,
Not chosen,
Yes,
Activate,
Deactivate,
Product,
Type single ProductID here,
Category,
Not chosen,
Yes,
Activate,
Deactivate,
Product,
Type single ProductID here,
Category,
Not chosen,
No,
Activate,
Deactivate,
Add new banner,
Image,
Attachment,
Product,
Type single ProductID here,
Category,
Not chosen,
Position,
Active,
Save,
Cancel,
Yes,
No,
Nothing selected,
Orders,
Products,
Filters,
Content,
Catalog,
Shops,
Banners,
Users,
Managers,
Clients,
Config,
Exit,
Banners,
Add new banner,
ID,
Image,
Attached,
Position,
Active,
Product,
Type single ProductID here,
Category,
Not chosen,
Yes,
Activate,
Deactivate,
Product,
Type single ProductID here,
Category,
Not chosen,
Yes,
Activate,
Deactivate,
Product,
Type single ProductID here,
Category,
Not chosen,
No,
Activate,
Deactivate,
Add new banner,
Image,
Attachment,
Product,
Type single ProductID here,
Category,
Not chosen,
Position,
Active,
Save,
Cancel,
Yes,
No,
Nothing selected,
Orders,
Products,
Filters,
Content,
Catalog,
Shops,
Banners,
Users,
Managers,
Clients,
Config,
Exit,
Banners,
Add new banner,
Image,
Attached,
Position,
Active,
Product,
Type single ProductID here,
Category,
Not chosen,
Yes,
Update,
Product,
Type single ProductID here,
Category,
Not chosen,
Yes,
Update,
Product,
Type single ProductID here,
Category,
Not chosen,
No,
Update,
Add new banner,
Image,
Attachment,
Product,
Type single ProductID here,
Category,
Not chosen,
Position,
Active,
Save,
Cancel,
Yes,
No,
Nothing selected,
Orders,
Products,
Filters,
Content,
Catalog,
Shops,
Banners,
Users,
Managers,
Clients,
Config,
Exit,
Banners,
Add new banner,
Image,
Attached,
Position,
Active,
Product,
Type single ProductID here,
Category,
Not chosen,
Update,
Product,
Type single ProductID here,
Category,
Not chosen,
Update,
Product,
Type single ProductID here,
Category,
Not chosen,
Update,
Add new banner,
Image,
Attachment,
Product,
Type single ProductID here,
Category,
Not chosen,
Position,
Active,
Save,
Cancel,
Yes,
No,
Nothing selected,
Orders,
Products,
Filters,
Content,
Catalog,
Shops,
Banners,
Users,
Managers,
Clients,
Config,
Exit,
Banners,
Add new banner,
Image,
Attached,
Position,
Active,
Product,
Type single ProductID here,
Category,
Not chosen,
Update,
Product,
Type single ProductID here,
Category,
Not chosen,
Update,
Product,
Type single ProductID here,
Category,
Not chosen,
Update,
Add new banner,
Image,
Attachment,
Product,
Type single ProductID here,
Category,
Not chosen,
Position,
Active,
Save,
Cancel,
Yes,
No,
Nothing selected,
Orders,
Products,
Filters,
Content,
Catalog,
Shops,
Banners,
Users,
Managers,
Clients,
Config,
Exit,
Banners,
Add new banner,
Image,
Attached,
Position,
Active,
Product,
Type single ProductID here,
Category,
Not chosen,
Update,
Product,
Type single ProductID here,
Category,
Not chosen,
Update,
Product,
Type single ProductID here,
Category,
Not chosen,
Update,
Add new banner,
Image,
Attachment,
Product,
Type single ProductID here,
Category,
Not chosen,
Position,
Active,
Save,
Cancel,
Yes,
No,
Nothing selected,
Orders,
Products,
Filters,
Content,
Catalog,
Shops,
Banners,
Users,
Managers,
Clients,
Config,
Exit,
Banners,
Add new banner,
Image,
Attached,
Position,
Active,
Product,
Type single ProductID here,
Category,
Not chosen,
Update,
Product,
Type single ProductID here,
Category,
Not chosen,
Update,
Product,
Type single ProductID here,
Category,
Not chosen,
Update,
Add new banner,
Image,
Attachment,
Product,
Type single ProductID here,
Category,
Not chosen,
Position,
Active,
Save,
Cancel,
Yes,
No,
Nothing selected,
Orders,
Products,
Filters,
Content,
Catalog,
Shops,
Banners,
Users,
Managers,
Clients,
Config,
Exit,
Banners,
Add new banner,
Image,
Attached,
Position,
Active,
Product,
Type single ProductID here,
Category,
Not chosen,
Update,
Product,
Type single ProductID here,
Category,
Not chosen,
Update,
Product,
Type single ProductID here,
Category,
Not chosen,
Update,
Add new banner,
Image,
Attachment,
Product,
Type single ProductID here,
Category,
Not chosen,
Position,
Active,
Save,
Cancel,
Yes,
No,
Nothing selected,
Orders,
Products,
Filters,
Content,
Catalog,
Shops,
Banners,
Users,
Managers,
Clients,
Config,
Exit,
Banners,
Add new banner,
Image,
Attached,
Position,
Active,
Product,
Type single ProductID here,
Category,
Not chosen,
Update,
Product,
Type single ProductID here,
Category,
Not chosen,
Update,
Product,
Type single ProductID here,
Category,
Not chosen,
Update,
Add new banner,
Image,
Attachment,
Product,
Type single ProductID here,
Category,
Not chosen,
Position,
Active,
Save,
Cancel,
Yes,
No,
Nothing selected,
Orders,
Products,
Filters,
Content,
Catalog,
Shops,
Banners,
Users,
Managers,
Clients,
Config,
Exit,
Banners,
Add new banner,
Image,
Attached,
Position,
Active,
Product,
Type single ProductID here,
Category,
Not chosen,
Update,
Product,
Type single ProductID here,
Category,
Not chosen,
Update,
Product,
Type single ProductID here,
Category,
Not chosen,
Update,
Add new banner,
Image,
Attachment,
Product,
Type single ProductID here,
Category,
Not chosen,
Position,
Active,
Save,
Cancel,
Yes,
No,
Nothing selected,
Orders,
Products,
Filters,
Content,
Catalog,
Shops,
Banners,
Users,
Managers,
Clients,
Config,
Exit,
Banners,
Add new banner,
Image,
Attached,
Position,
Active,
Product,
Type single ProductID here,
Category,
Not chosen,
Update,
Product,
Type single ProductID here,
Category,
Not chosen,
Update,
Product,
Type single ProductID here,
Category,
Not chosen,
Update,
Add new banner,
Image,
Attachment,
Product,
Type single ProductID here,
Category,
Not chosen,
Position,
Active,
Save,
Cancel,
Yes,
No,
Nothing selected,
Orders,
Products,
Filters,
Content,
Catalog,
Shops,
Banners,
Users,
Managers,
Clients,
Config,
Exit,
Products,
Add new product,
All categories,
Find by ID or Name,
Apply filter,
ID,
Product name,
Category,
Price,
Available,
Status,
Yes,
In stock,
Edit,
Remove,
Yes,
In stock,
Edit,
Remove,
Yes,
In stock,
Edit,
Remove,
Yes,
In stock,
Edit,
Remove,
Yes,
In stock,
Edit,
Remove,
Yes,
In stock,
Edit,
Remove,
Yes,
In stock,
Edit,
Remove,
Yes,
In stock,
Edit,
Remove,
Yes,
In stock,
Edit,
Remove,
Yes,
In stock,
Edit,
Remove,
Yes,
In stock,
Edit,
Remove,
Yes,
In stock,
Edit,
Remove,
Yes,
In stock,
Edit,
Remove,
Yes,
In stock,
Edit,
Remove,
Yes,
In stock,
Edit,
Remove,
Yes,
In stock,
Edit,
Remove,
Yes,
In stock,
Edit,
Remove,
Yes,
In stock,
Edit,
Remove,
Yes,
In stock,
Edit,
Remove,
Yes,
In stock,
Edit,
Remove,
Yes,
No,
Nothing selected,
Orders,
Products,
Filters,
Content,
Catalog,
Shops,
Banners,
Users,
Managers,
Clients,
Config,
Exit,
Banners,
Add new banner,
Image,
Attached,
Position,
Active,
Product,
Type single ProductID here,
Category,
Not chosen,
Update,
Product,
Type single ProductID here,
Category,
Not chosen,
Update,
Product,
Type single ProductID here,
Category,
Not chosen,
Update,
Add new banner,
Image,
Attachment,
Product,
Type single ProductID here,
Category,
Not chosen,
Position,
Active,
Save,
Cancel,
Yes,
No,
Nothing selected,
Orders,
Products,
Filters,
Content,
Catalog,
Shops,
Banners,
Users,
Managers,
Clients,
Config,
Exit,
Banners,
Add new banner,
Image,
Attached,
Position,
Active,
Product,
Type single ProductID here,
Category,
Not chosen,
Update,
Product,
Type single ProductID here,
Category,
Not chosen,
Update,
Product,
Type single ProductID here,
Category,
Not chosen,
Update,
Add new banner,
Image,
Attachment,
Product,
Type single ProductID here,
Category,
Not chosen,
Position,
Active,
Save,
Cancel,
Yes,
No,
Nothing selected,
Orders,
Products,
Filters,
Content,
Catalog,
Shops,
Banners,
Users,
Managers,
Clients,
Config,
Exit,
Banners,
Add new banner,
Image,
Attached,
Position,
Active,
Product,
Type single ProductID here,
Category,
Not chosen,
Update,
Product,
Type single ProductID here,
Category,
Not chosen,
Update,
Product,
Type single ProductID here,
Category,
Not chosen,
Update,
Add new banner,
Image,
Attachment,
Product,
Type single ProductID here,
Category,
Not chosen,
Position,
Active,
Save,
Cancel,
Yes,
No,
Nothing selected,
Orders,
Products,
Filters,
Content,
Catalog,
Shops,
Banners,
Users,
Managers,
Clients,
Config,
Exit,
Banners,
Add new banner,
Image,
Attached,
Position,
Active,
Product,
Type single ProductID here,
Category,
Not chosen,
Update,
Product,
Type single ProductID here,
Category,
Not chosen,
Update,
Product,
Type single ProductID here,
Category,
Not chosen,
Update,
Add new banner,
Image,
Attachment,
Product,
Type single ProductID here,
Category,
Not chosen,
Position,
Active,
Save,
Cancel,
Yes,
No,
Nothing selected,
Orders,
Products,
Filters,
Content,
Catalog,
Shops,
Banners,
Users,
Managers,
Clients,
Config,
Exit,
Banners,
Add new banner,
Image,
Attached,
Position,
Active,
Product,
Type single ProductID here,
Category,
Not chosen,
Update,
Product,
Type single ProductID here,
Category,
Not chosen,
Update,
Product,
Type single ProductID here,
Category,
Not chosen,
Update,
Add new banner,
Image,
Attachment,
Product,
Type single ProductID here,
Category,
Not chosen,
Position,
Active,
Save,
Cancel,
Yes,
No,
Nothing selected,
Orders,
Products,
Filters,
Content,
Catalog,
Shops,
Banners,
Users,
Managers,
Clients,
Config,
Exit,
Banners,
Add new banner,
Image,
Attached,
Position,
Active,
Product,
Type single ProductID here,
Category,
Not chosen,
Update,
Product,
Type single ProductID here,
Category,
Not chosen,
Update,
Product,
Type single ProductID here,
Category,
Not chosen,
Update,
Add new banner,
Image,
Attachment,
Product,
Type single ProductID here,
Category,
Not chosen,
Position,
Active,
Save,
Cancel,
Yes,
No,
Nothing selected,
Orders,
Products,
Filters,
Content,
Catalog,
Shops,
Banners,
Users,
Managers,
Clients,
Config,
Exit,
Banners,
Add new banner,
Image,
Attached,
Position,
Active,
Product,
Type single ProductID here,
Category,
Not chosen,
Update,
Product,
Type single ProductID here,
Category,
Not chosen,
Update,
Product,
Type single ProductID here,
Category,
Not chosen,
Update,
Add new banner,
Image,
Attachment,
Product,
Type single ProductID here,
Category,
Not chosen,
Position,
Active,
Save,
Cancel,
Yes,
No,
Nothing selected,
Orders,
Products,
Filters,
Content,
Catalog,
Shops,
Banners,
Users,
Managers,
Clients,
Config,
Exit,
Banners,
Add new banner,
Image,
Attached,
Position,
Active,
Product,
Type single ProductID here,
Category,
Not chosen,
Update,
Product,
Type single ProductID here,
Category,
Not chosen,
Update,
Product,
Type single ProductID here,
Category,
Not chosen,
Update,
Add new banner,
Image,
Attachment,
Product,
Type single ProductID here,
Category,
Not chosen,
Position,
Active,
Save,
Cancel,
Yes,
No,
Nothing selected,
Orders,
Products,
Filters,
Content,
Catalog,
Shops,
Banners,
Users,
Managers,
Clients,
Config,
Exit,
Banners,
Add new banner,
Image,
Attached,
Position,
Active,
Product,
Type single ProductID here,
Category,
Not chosen,
Update,
Product,
Type single ProductID here,
Category,
Not chosen,
Update,
Product,
Type single ProductID here,
Category,
Not chosen,
Update,
Add new banner,
Image,
Attachment,
Product,
Type single ProductID here,
Category,
Not chosen,
Position,
Active,
Save,
Cancel,
Yes,
No,
Nothing selected,
Orders,
Products,
Filters,
Content,
Catalog,
Shops,
Banners,
Users,
Managers,
Clients,
Config,
Exit,
Shops,
How to use,
Shop list,
Name,
Address,
Lat,
Lng,
Active,
Remove,
Remove,
Save,
How to use,
Yes,
No,
Nothing selected,
Orders,
Products,
Filters,
Content,
Catalog,
Shops,
Banners,
Users,
Managers,
Clients,
Config,
Exit,
Users,
How to use,
Shop list,
Name,
Address,
Lat,
Lng,
Active,
Remove,
Remove,
Save,
How to use,
Yes,
No,
Nothing selected,
Orders,
Products,
Filters,
Content,
Catalog,
Shops,
Banners,
Users,
Managers,
Clients,
Config,
Exit,
Banners,
Add new banner,
Image,
Attached,
Position,
Active,
Product,
Type single ProductID here,
Category,
Not chosen,
Update,
Product,
Type single ProductID here,
Category,
Not chosen,
Update,
Product,
Type single ProductID here,
Category,
Not chosen,
Update,
Add new banner,
Image,
Attachment,
Product,
Type single ProductID here,
Category,
Not chosen,
Position,
Active,
Save,
Cancel,
Yes,
No,
Nothing selected,
Orders,
Products,
Filters,
Content,
Catalog,
Shops,
Banners,
Users,
Managers,
Clients,
Config,
Exit,
Users,
How to use,
Shop list,
Name,
Address,
Lat,
Lng,
Active,
Remove,
Remove,
Save,
How to use,
Yes,
No,
Nothing selected,
Orders,
Products,
Filters,
Content,
Catalog,
Shops,
Banners,
Users,
Managers,
Clients,
Config,
Exit,
Users,
How to use,
Shop list,
Name,
Address,
Lat,
Lng,
Active,
Remove,
Remove,
Save,
How to use,
Yes,
No,
Nothing selected,
Orders,
Products,
Filters,
Content,
Catalog,
Shops,
Banners,
Users,
Managers,
Users,
Config,
Exit,
